{
  "timestamp": "20250815_101811",
  "datetime": "2025-08-15 10:18:11",
  "photo_path": "photos/20250815_101811.jpg",
  "dish_name": "宫保鸡丁",
  "confidence": 0.30025744438171387,
  "nutrients": {
    "????(kcal)": 75.52363672807812,
    "??????(g)": 6.338346060067415,
    "???(g)": 514.4615062972904,
    "????????(g)": 8.880156399607658,
    "?????A(??g)": 7.848580538481474,
    "?????B1(mg)": 0.0849707777798176,
    "?????B2(mg)": 178.17441727489233,
    "?????B6(mg)": 1.5265585002303124,
    "?????B12(??g)": 75.42245087757706,
    "?????C(mg)": 282.50522656559946,
    "?????D(??g)": 5.503772851526738,
    "?????E(mg)": 0.025892756283283233,
    "?????K(??g)": 0.08628970697522163,
    "??(mg)": 238.82332625374198,
    "??(??g)": 1.718763343542814,
    "?(mg)": 173.43499491065742
  },
  "full_result": {
    "dish_name": "宫保鸡丁",
    "confidence": 0.30025744438171387,
    "top3_predictions": [
      {
        "name": "宫保鸡丁",
        "confidence": 0.30025744438171387
      },
      {
        "name": "红烧肉",
        "confidence": 0.16192077100276947
      },
      {
        "name": "菊花鱼",
        "confidence": 0.04735825955867767
      }
    ],
    "nutrients": {
      "????(kcal)": 75.52363672807812,
      "??????(g)": 6.338346060067415,
      "???(g)": 514.4615062972904,
      "????????(g)": 8.880156399607658,
      "?????A(??g)": 7.848580538481474,
      "?????B1(mg)": 0.0849707777798176,
      "?????B2(mg)": 178.17441727489233,
      "?????B6(mg)": 1.5265585002303124,
      "?????B12(??g)": 75.42245087757706,
      "?????C(mg)": 282.50522656559946,
      "?????D(??g)": 5.503772851526738,
      "?????E(mg)": 0.025892756283283233,
      "?????K(??g)": 0.08628970697522163,
      "??(mg)": 238.82332625374198,
      "??(??g)": 1.718763343542814,
      "?(mg)": 173.43499491065742
    }
  }
}