{
  "timestamp": "20250813_201138",
  "datetime": "2025-08-13 20:11:38",
  "photo_path": "photos/20250813_201138.jpg",
  "dish_name": "凉拌西红柿",
  "confidence": 0.293243408203125,
  "nutrients": {
    "????(kcal)": 68.1808941194415,
    "??????(g)": 17.91552945762873,
    "???(g)": 876.1164328917862,
    "????????(g)": 3.430962676405907,
    "?????A(??g)": 9.789901353120804,
    "?????B1(mg)": 0.15750791281461715,
    "?????B2(mg)": 32.230493359565735,
    "?????B6(mg)": 0.4520415785908699,
    "?????B12(??g)": 19.90531099230051,
    "?????C(mg)": 203.76283832907677,
    "?????D(??g)": 2.9579243445396424,
    "?????E(mg)": 0.04082852274179459,
    "?????K(??g)": 0.01989272266626358,
    "??(mg)": 79.7666153639555,
    "??(??g)": 0.22977555096149443,
    "?(mg)": 175.7334957611561
  },
  "full_result": {
    "dish_name": "凉拌西红柿",
    "confidence": 0.293243408203125,
    "top3_predictions": [
      {
        "name": "凉拌西红柿",
        "confidence": 0.293243408203125
      },
      {
        "name": "红烧肉",
        "confidence": 0.17086635529994965
      },
      {
        "name": "拔丝山药",
        "confidence": 0.054047856479883194
      }
    ],
    "nutrients": {
      "????(kcal)": 68.1808941194415,
      "??????(g)": 17.91552945762873,
      "???(g)": 876.1164328917862,
      "????????(g)": 3.430962676405907,
      "?????A(??g)": 9.789901353120804,
      "?????B1(mg)": 0.15750791281461715,
      "?????B2(mg)": 32.230493359565735,
      "?????B6(mg)": 0.4520415785908699,
      "?????B12(??g)": 19.90531099230051,
      "?????C(mg)": 203.76283832907677,
      "?????D(??g)": 2.9579243445396424,
      "?????E(mg)": 0.04082852274179459,
      "?????K(??g)": 0.01989272266626358,
      "??(mg)": 79.7666153639555,
      "??(??g)": 0.22977555096149443,
      "?(mg)": 175.7334957611561
    }
  }
}