{
  "timestamp": "20250813_200730",
  "datetime": "2025-08-13 20:07:30",
  "photo_path": "photos/20250813_200730.jpg",
  "dish_name": "凉拌西红柿",
  "confidence": 0.4703746438026428,
  "nutrients": {
    "????(kcal)": 86.36443318702281,
    "??????(g)": 1.1057004072517158,
    "???(g)": 229.94563461884857,
    "????????(g)": 1.8309528858214619,
    "?????A(??g)": 10.229156110063194,
    "?????B1(mg)": 0.03911024339497089,
    "?????B2(mg)": 4.153078935369849,
    "?????B6(mg)": 0.4467005357146263,
    "?????B12(??g)": 27.35233076915145,
    "?????C(mg)": 312.83218122340736,
    "?????D(??g)": 1.4356168527901172,
    "?????E(mg)": 0.01938709884881973,
    "?????K(??g)": 0.012490229383111,
    "??(mg)": 36.74700413919985,
    "??(??g)": 0.29963580407202245,
    "?(mg)": 169.7172628418356
  },
  "full_result": {
    "dish_name": "凉拌西红柿",
    "confidence": 0.4703746438026428,
    "top3_predictions": [
      {
        "name": "凉拌西红柿",
        "confidence": 0.4703746438026428
      },
      {
        "name": "拔丝山药",
        "confidence": 0.03400440886616707
      },
      {
        "name": "可乐鸡翅",
        "confidence": 0.03348511829972267
      }
    ],
    "nutrients": {
      "????(kcal)": 86.36443318702281,
      "??????(g)": 1.1057004072517158,
      "???(g)": 229.94563461884857,
      "????????(g)": 1.8309528858214619,
      "?????A(??g)": 10.229156110063194,
      "?????B1(mg)": 0.03911024339497089,
      "?????B2(mg)": 4.153078935369849,
      "?????B6(mg)": 0.4467005357146263,
      "?????B12(??g)": 27.35233076915145,
      "?????C(mg)": 312.83218122340736,
      "?????D(??g)": 1.4356168527901172,
      "?????E(mg)": 0.01938709884881973,
      "?????K(??g)": 0.012490229383111,
      "??(mg)": 36.74700413919985,
      "??(??g)": 0.29963580407202245,
      "?(mg)": 169.7172628418356
    }
  }
}