{
  "timestamp": "20250813_115348",
  "datetime": "2025-08-13 11:53:48",
  "photo_path": "photos/20250813_115347.jpg",
  "dish_name": "冰激凌",
  "confidence": 0.39331185817718506,
  "nutrients": {
    "????(kcal)": 66.81918591707945,
    "??????(g)": 5.871799778938294,
    "???(g)": 666.8501908424497,
    "????????(g)": 3.2997383043169974,
    "?????A(??g)": 23.366094531714914,
    "?????B1(mg)": 0.015765957832336426,
    "?????B2(mg)": 12.371420566141605,
    "?????B6(mg)": 0.14038349986076354,
    "?????B12(??g)": 42.03278303444385,
    "?????C(mg)": 16.909314900934696,
    "?????D(??g)": 0.4493297982215881,
    "?????E(mg)": 0.019057457745075227,
    "?????K(??g)": 0.03199775993824005,
    "??(mg)": 30.088902418613433,
    "??(??g)": 0.08474202334880829,
    "?(mg)": 19.149764049351216
  },
  "full_result": {
    "dish_name": "冰激凌",
    "confidence": 0.39331185817718506,
    "top3_predictions": [
      {
        "name": "冰激凌",
        "confidence": 0.39331185817718506
      },
      {
        "name": "饼干",
        "confidence": 0.049759071320295334
      },
      {
        "name": "水晶虾饺",
        "confidence": 0.04843126982450485
      }
    ],
    "nutrients": {
      "????(kcal)": 66.81918591707945,
      "??????(g)": 5.871799778938294,
      "???(g)": 666.8501908424497,
      "????????(g)": 3.2997383043169974,
      "?????A(??g)": 23.366094531714914,
      "?????B1(mg)": 0.015765957832336426,
      "?????B2(mg)": 12.371420566141605,
      "?????B6(mg)": 0.14038349986076354,
      "?????B12(??g)": 42.03278303444385,
      "?????C(mg)": 16.909314900934696,
      "?????D(??g)": 0.4493297982215881,
      "?????E(mg)": 0.019057457745075227,
      "?????K(??g)": 0.03199775993824005,
      "??(mg)": 30.088902418613433,
      "??(??g)": 0.08474202334880829,
      "?(mg)": 19.149764049351216
    }
  }
}