{
  "timestamp": "20250815_143438",
  "datetime": "2025-08-15 14:34:38",
  "photo_path": "photos/20250815_143438.jpg",
  "dish_name": "冰激凌",
  "confidence": 0.13938942551612854,
  "nutrients": {
    "????(kcal)": 73.27686209842562,
    "??????(g)": 7.350119206309319,
    "???(g)": 572.625514497757,
    "????????(g)": 5.719394726157188,
    "?????A(??g)": 12.260249863415957,
    "?????B1(mg)": 0.3901427495479584,
    "?????B2(mg)": 185.293450679183,
    "?????B6(mg)": 0.8045231217145921,
    "?????B12(??g)": 88.58608401194216,
    "?????C(mg)": 23.46815645352006,
    "?????D(??g)": 65.52280669301749,
    "?????E(mg)": 0.03055505186319351,
    "?????K(??g)": 0.07526308327913284,
    "??(mg)": 268.67511131495235,
    "??(??g)": 1.0527994069457054,
    "?(mg)": 78.23178843528032
  },
  "full_result": {
    "dish_name": "冰激凌",
    "confidence": 0.13938942551612854,
    "top3_predictions": [
      {
        "name": "冰激凌",
        "confidence": 0.13938942551612854
      },
      {
        "name": "凉拌皮蛋",
        "confidence": 0.11623270809650421
      },
      {
        "name": "水果沙拉",
        "confidence": 0.06405732780694962
      }
    ],
    "nutrients": {
      "????(kcal)": 73.27686209842562,
      "??????(g)": 7.350119206309319,
      "???(g)": 572.625514497757,
      "????????(g)": 5.719394726157188,
      "?????A(??g)": 12.260249863415957,
      "?????B1(mg)": 0.3901427495479584,
      "?????B2(mg)": 185.293450679183,
      "?????B6(mg)": 0.8045231217145921,
      "?????B12(??g)": 88.58608401194216,
      "?????C(mg)": 23.46815645352006,
      "?????D(??g)": 65.52280669301749,
      "?????E(mg)": 0.03055505186319351,
      "?????K(??g)": 0.07526308327913284,
      "??(mg)": 268.67511131495235,
      "??(??g)": 1.0527994069457054,
      "?(mg)": 78.23178843528032
    }
  }
}