{
  "timestamp": "20250815_143539",
  "datetime": "2025-08-15 14:35:39",
  "photo_path": "photos/20250815_143539.jpg",
  "dish_name": "白灼大虾",
  "confidence": 0.5104291439056396,
  "nutrients": {
    "????(kcal)": 69.85240291550755,
    "??????(g)": 5.8072706977278,
    "???(g)": 586.9155966550111,
    "????????(g)": 15.468821670860052,
    "?????A(??g)": 6.610166621431708,
    "?????B1(mg)": 0.199073887988925,
    "?????B2(mg)": 140.07225011855363,
    "?????B6(mg)": 1.462285083308816,
    "?????B12(??g)": 5.3916968057304615,
    "?????C(mg)": 33.479140430390835,
    "?????D(??g)": 1.947920635342598,
    "?????E(mg)": 0.033042302429676054,
    "?????K(??g)": 0.08412523567676544,
    "??(mg)": 486.0134153619408,
    "??(??g)": 1.190712569244206,
    "?(mg)": 238.9765130188316
  },
  "full_result": {
    "dish_name": "白灼大虾",
    "confidence": 0.5104291439056396,
    "top3_predictions": [
      {
        "name": "白灼大虾",
        "confidence": 0.5104291439056396
      },
      {
        "name": "麻花",
        "confidence": 0.03444792330265045
      },
      {
        "name": "北京烤鸭",
        "confidence": 0.031169235706329346
      }
    ],
    "nutrients": {
      "????(kcal)": 69.85240291550755,
      "??????(g)": 5.8072706977278,
      "???(g)": 586.9155966550111,
      "????????(g)": 15.468821670860052,
      "?????A(??g)": 6.610166621431708,
      "?????B1(mg)": 0.199073887988925,
      "?????B2(mg)": 140.07225011855363,
      "?????B6(mg)": 1.462285083308816,
      "?????B12(??g)": 5.3916968057304615,
      "?????C(mg)": 33.479140430390835,
      "?????D(??g)": 1.947920635342598,
      "?????E(mg)": 0.033042302429676054,
      "?????K(??g)": 0.08412523567676544,
      "??(mg)": 486.0134153619408,
      "??(??g)": 1.190712569244206,
      "?(mg)": 238.9765130188316
    }
  }
}