{
  "timestamp": "20250815_131318",
  "datetime": "2025-08-15 13:13:18",
  "photo_path": "photos/20250815_131318.jpg",
  "dish_name": "宫保鸡丁",
  "confidence": 0.5086777806282043,
  "nutrients": {
    "????(kcal)": 74.93054820690304,
    "??????(g)": 6.684508342780172,
    "???(g)": 530.9458510626108,
    "????????(g)": 9.304846940338612,
    "?????A(??g)": 7.609289194531739,
    "?????B1(mg)": 0.08927448850125075,
    "?????B2(mg)": 195.59346606977283,
    "?????B6(mg)": 1.6277260429412126,
    "?????B12(??g)": 81.54075991731136,
    "?????C(mg)": 294.75660770505664,
    "?????D(??g)": 5.358257642313839,
    "?????E(mg)": 0.026557468995451926,
    "?????K(??g)": 0.09137455333024264,
    "??(mg)": 257.3170316173509,
    "??(??g)": 1.8351515870913864,
    "?(mg)": 172.85942783161997
  },
  "full_result": {
    "dish_name": "宫保鸡丁",
    "confidence": 0.5086777806282043,
    "top3_predictions": [
      {
        "name": "宫保鸡丁",
        "confidence": 0.5086777806282043
      },
      {
        "name": "红烧肉",
        "confidence": 0.23233234882354736
      },
      {
        "name": "菊花鱼",
        "confidence": 0.03471275418996811
      }
    ],
    "nutrients": {
      "????(kcal)": 74.93054820690304,
      "??????(g)": 6.684508342780172,
      "???(g)": 530.9458510626108,
      "????????(g)": 9.304846940338612,
      "?????A(??g)": 7.609289194531739,
      "?????B1(mg)": 0.08927448850125075,
      "?????B2(mg)": 195.59346606977283,
      "?????B6(mg)": 1.6277260429412126,
      "?????B12(??g)": 81.54075991731136,
      "?????C(mg)": 294.75660770505664,
      "?????D(??g)": 5.358257642313839,
      "?????E(mg)": 0.026557468995451926,
      "?????K(??g)": 0.09137455333024264,
      "??(mg)": 257.3170316173509,
      "??(??g)": 1.8351515870913864,
      "?(mg)": 172.85942783161997
    }
  }
}