{
  "timestamp": "20250815_143141",
  "datetime": "2025-08-15 14:31:41",
  "photo_path": "photos/20250815_143141.jpg",
  "dish_name": "宫保鸡丁",
  "confidence": 0.416022926568985,
  "nutrients": {
    "????(kcal)": 74.34820770978926,
    "??????(g)": 6.813541229739784,
    "???(g)": 541.6387962391973,
    "????????(g)": 10.077977641671897,
    "?????A(??g)": 7.141442419216037,
    "?????B1(mg)": 0.09454019457101821,
    "?????B2(mg)": 205.04634521156552,
    "?????B6(mg)": 1.6823983674496414,
    "?????B12(??g)": 83.29172546222806,
    "?????C(mg)": 310.35655084401367,
    "?????D(??g)": 5.854542994722724,
    "?????E(mg)": 0.026550993770360947,
    "?????K(??g)": 0.09486344270408154,
    "??(mg)": 294.5122188766301,
    "??(??g)": 2.0789156506210564,
    "?(mg)": 173.5424470438063
  },
  "full_result": {
    "dish_name": "宫保鸡丁",
    "confidence": 0.416022926568985,
    "top3_predictions": [
      {
        "name": "宫保鸡丁",
        "confidence": 0.416022926568985
      },
      {
        "name": "红烧肉",
        "confidence": 0.16940465569496155
      },
      {
        "name": "油焖大虾",
        "confidence": 0.04962556064128876
      }
    ],
    "nutrients": {
      "????(kcal)": 74.34820770978926,
      "??????(g)": 6.813541229739784,
      "???(g)": 541.6387962391973,
      "????????(g)": 10.077977641671897,
      "?????A(??g)": 7.141442419216037,
      "?????B1(mg)": 0.09454019457101821,
      "?????B2(mg)": 205.04634521156552,
      "?????B6(mg)": 1.6823983674496414,
      "?????B12(??g)": 83.29172546222806,
      "?????C(mg)": 310.35655084401367,
      "?????D(??g)": 5.854542994722724,
      "?????E(mg)": 0.026550993770360947,
      "?????K(??g)": 0.09486344270408154,
      "??(mg)": 294.5122188766301,
      "??(??g)": 2.0789156506210564,
      "?(mg)": 173.5424470438063
    }
  }
}