{
  "timestamp": "20250814_235152",
  "datetime": "2025-08-14 23:51:52",
  "photo_path": "photos/20250814_235151.jpg",
  "dish_name": "冰激凌",
  "confidence": 0.23019149899482727,
  "nutrients": {
    "????(kcal)": 73.07849476054311,
    "??????(g)": 4.35847694337368,
    "???(g)": 529.492423184067,
    "????????(g)": 3.4447879263758656,
    "?????A(??g)": 18.473572776615622,
    "?????B1(mg)": 0.056581435203552244,
    "?????B2(mg)": 16.78488112822175,
    "?????B6(mg)": 0.26414088800549507,
    "?????B12(??g)": 34.81709134489298,
    "?????C(mg)": 31.61841325968504,
    "?????D(??g)": 7.381161868274211,
    "?????E(mg)": 0.0196793632209301,
    "?????K(??g)": 0.04656975850462913,
    "??(mg)": 41.82071770906449,
    "??(??g)": 0.31324860706925395,
    "?(mg)": 59.046439457684755
  },
  "full_result": {
    "dish_name": "冰激凌",
    "confidence": 0.23019149899482727,
    "top3_predictions": [
      {
        "name": "冰激凌",
        "confidence": 0.23019149899482727
      },
      {
        "name": "水晶虾饺",
        "confidence": 0.15774904191493988
      },
      {
        "name": "双皮奶",
        "confidence": 0.05813947319984436
      }
    ],
    "nutrients": {
      "????(kcal)": 73.07849476054311,
      "??????(g)": 4.35847694337368,
      "???(g)": 529.492423184067,
      "????????(g)": 3.4447879263758656,
      "?????A(??g)": 18.473572776615622,
      "?????B1(mg)": 0.056581435203552244,
      "?????B2(mg)": 16.78488112822175,
      "?????B6(mg)": 0.26414088800549507,
      "?????B12(??g)": 34.81709134489298,
      "?????C(mg)": 31.61841325968504,
      "?????D(??g)": 7.381161868274211,
      "?????E(mg)": 0.0196793632209301,
      "?????K(??g)": 0.04656975850462913,
      "??(mg)": 41.82071770906449,
      "??(??g)": 0.31324860706925395,
      "?(mg)": 59.046439457684755
    }
  }
}