{
  "timestamp": "20250814_195112",
  "datetime": "2025-08-14 19:51:12",
  "photo_path": "photos/20250814_195111.jpg",
  "dish_name": "宫保鸡丁",
  "confidence": 0.4311051070690155,
  "nutrients": {
    "????(kcal)": 66.49726719863712,
    "??????(g)": 9.898275559097527,
    "???(g)": 742.8130495189503,
    "????????(g)": 12.836744452938438,
    "?????A(??g)": 9.28933471273631,
    "?????B1(mg)": 0.19978618048131463,
    "?????B2(mg)": 198.04786612629894,
    "?????B6(mg)": 1.7626604992523789,
    "?????B12(??g)": 75.71325079008938,
    "?????C(mg)": 254.33651522822677,
    "?????D(??g)": 4.6917969277873635,
    "?????E(mg)": 0.08162585534155369,
    "?????K(??g)": 0.12241175349801779,
    "??(mg)": 382.386042115353,
    "??(??g)": 2.145938718616962,
    "?(mg)": 202.73994352597745
  },
  "full_result": {
    "dish_name": "宫保鸡丁",
    "confidence": 0.4311051070690155,
    "top3_predictions": [
      {
        "name": "宫保鸡丁",
        "confidence": 0.4311051070690155
      },
      {
        "name": "咕噜肉",
        "confidence": 0.2129637449979782
      },
      {
        "name": "宫保鸡丁",
        "confidence": 0.03808386251330376
      }
    ],
    "nutrients": {
      "????(kcal)": 66.49726719863712,
      "??????(g)": 9.898275559097527,
      "???(g)": 742.8130495189503,
      "????????(g)": 12.836744452938438,
      "?????A(??g)": 9.28933471273631,
      "?????B1(mg)": 0.19978618048131463,
      "?????B2(mg)": 198.04786612629894,
      "?????B6(mg)": 1.7626604992523789,
      "?????B12(??g)": 75.71325079008938,
      "?????C(mg)": 254.33651522822677,
      "?????D(??g)": 4.6917969277873635,
      "?????E(mg)": 0.08162585534155369,
      "?????K(??g)": 0.12241175349801779,
      "??(mg)": 382.386042115353,
      "??(??g)": 2.145938718616962,
      "?(mg)": 202.73994352597745
    }
  }
}