{
  "timestamp": "20250814_194044",
  "datetime": "2025-08-14 19:40:44",
  "photo_path": "photos/20250814_194044.jpg",
  "dish_name": "红烧肉",
  "confidence": 0.3447752594947815,
  "nutrients": {
    "????(kcal)": 48.58687335208058,
    "??????(g)": 36.614309350401165,
    "???(g)": 1554.1745130604506,
    "????????(g)": 7.459476694464683,
    "?????A(??g)": 4.528984195888042,
    "?????B1(mg)": 0.45870271027088166,
    "?????B2(mg)": 134.04987378388643,
    "?????B6(mg)": 0.5507314446568489,
    "?????B12(??g)": 37.64858010560275,
    "?????C(mg)": 79.12569155573846,
    "?????D(??g)": 6.045206443965435,
    "?????E(mg)": 0.06037641912698746,
    "?????K(??g)": 0.05341096505522728,
    "??(mg)": 608.7996450090409,
    "??(??g)": 0.13726439073681831,
    "?(mg)": 177.84765321567656
  },
  "full_result": {
    "dish_name": "红烧肉",
    "confidence": 0.3447752594947815,
    "top3_predictions": [
      {
        "name": "红烧肉",
        "confidence": 0.3447752594947815
      },
      {
        "name": "卤蛋",
        "confidence": 0.0915229320526123
      },
      {
        "name": "红烧肉",
        "confidence": 0.07604332268238068
      }
    ],
    "nutrients": {
      "????(kcal)": 48.58687335208058,
      "??????(g)": 36.614309350401165,
      "???(g)": 1554.1745130604506,
      "????????(g)": 7.459476694464683,
      "?????A(??g)": 4.528984195888042,
      "?????B1(mg)": 0.45870271027088166,
      "?????B2(mg)": 134.04987378388643,
      "?????B6(mg)": 0.5507314446568489,
      "?????B12(??g)": 37.64858010560275,
      "?????C(mg)": 79.12569155573846,
      "?????D(??g)": 6.045206443965435,
      "?????E(mg)": 0.06037641912698746,
      "?????K(??g)": 0.05341096505522728,
      "??(mg)": 608.7996450090409,
      "??(??g)": 0.13726439073681831,
      "?(mg)": 177.84765321567656
    }
  }
}