{
  "timestamp": "20250722_120728",
  "datetime": "2025-07-22 12:07:28",
  "photo_path": "photos/20250722_120727.jpg",
  "dish_name": "冰激凌",
  "confidence": 0.5731105208396912,
  "nutrients": {
    "能量(kcal)": 70.22758153304459,
    "蛋白质(g)": 140.47942277044058,
    "脂肪(g)": 587.7050380557775,
    "碳水化合物(g)": 2.926079051196575,
    "膳食纤维(g)": 5.02222049459815,
    "维生素A(μg)": 21.05347188860178,
    "维生素B1(mg)": 0.10039932802319528,
    "维生素B2(mg)": 3.649330586194992,
    "维生素B6(mg)": 0.07723025232553482,
    "维生素B12(μg)": 44.60353243350983,
    "维生素C(mg)": 0.0,
    "维生素D(μg)": 0.0,
    "维生素E(mg)": 0.023187254667282102,
    "维生素K(μg)": 0.03309751369059086,
    "钙(mg)": 0.12112671732902527,
    "磷(mg)": 0.0,
    "钾(mg)": 0.09523395635187626,
    "钠(μg)": 0.027030588313937187,
    "镁(mg)": 0.023169075697660444,
    "铁(mg)": 0.0,
    "锌(mg)": 114.15679968893528,
    "硒(mg)": 27.131452582776546,
    "铜(mg)": 21.99399323761463,
    "锰(mg)": 34.95727950260043
  },
  "full_result": {
    "dish_name": "冰激凌",
    "confidence": 0.5731105208396912,
    "top3_predictions": [
      {
        "name": "冰激凌",
        "confidence": 0.5731105208396912
      },
      {
        "name": "汤圆",
        "confidence": 0.0526542030274868
      },
      {
        "name": "馒头",
        "confidence": 0.05237272381782532
      }
    ],
    "nutrients": {
      "能量(kcal)": 70.22758153304459,
      "蛋白质(g)": 140.47942277044058,
      "脂肪(g)": 587.7050380557775,
      "碳水化合物(g)": 2.926079051196575,
      "膳食纤维(g)": 5.02222049459815,
      "维生素A(μg)": 21.05347188860178,
      "维生素B1(mg)": 0.10039932802319528,
      "维生素B2(mg)": 3.649330586194992,
      "维生素B6(mg)": 0.07723025232553482,
      "维生素B12(μg)": 44.60353243350983,
      "维生素C(mg)": 0.0,
      "维生素D(μg)": 0.0,
      "维生素E(mg)": 0.023187254667282102,
      "维生素K(μg)": 0.03309751369059086,
      "钙(mg)": 0.12112671732902527,
      "磷(mg)": 0.0,
      "钾(mg)": 0.09523395635187626,
      "钠(μg)": 0.027030588313937187,
      "镁(mg)": 0.023169075697660444,
      "铁(mg)": 0.0,
      "锌(mg)": 114.15679968893528,
      "硒(mg)": 27.131452582776546,
      "铜(mg)": 21.99399323761463,
      "锰(mg)": 34.95727950260043
    }
  }
}