{
  "timestamp": "20250813_200949",
  "datetime": "2025-08-13 20:09:49",
  "photo_path": "photos/20250813_200949.jpg",
  "dish_name": "凉拌西红柿",
  "confidence": 0.35580092668533325,
  "nutrients": {
    "????(kcal)": 80.11693703740836,
    "??????(g)": 8.127774494439363,
    "???(g)": 475.738901963234,
    "????????(g)": 3.660658078342676,
    "?????A(??g)": 7.365227914154529,
    "?????B1(mg)": 0.05780662074685097,
    "?????B2(mg)": 56.4879054531455,
    "?????B6(mg)": 0.6849375931918621,
    "?????B12(??g)": 39.08628694921732,
    "?????C(mg)": 302.24670102387665,
    "?????D(??g)": 2.202305940538645,
    "?????E(mg)": 0.02890606015920639,
    "?????K(??g)": 0.031764653027057645,
    "??(mg)": 91.13901115223766,
    "??(??g)": 0.5793621495366096,
    "?(mg)": 173.85063053429124
  },
  "full_result": {
    "dish_name": "凉拌西红柿",
    "confidence": 0.35580092668533325,
    "top3_predictions": [
      {
        "name": "凉拌西红柿",
        "confidence": 0.35580092668533325
      },
      {
        "name": "芝士虾球",
        "confidence": 0.07376309484243393
      },
      {
        "name": "红烧肉",
        "confidence": 0.06043950095772743
      }
    ],
    "nutrients": {
      "????(kcal)": 80.11693703740836,
      "??????(g)": 8.127774494439363,
      "???(g)": 475.738901963234,
      "????????(g)": 3.660658078342676,
      "?????A(??g)": 7.365227914154529,
      "?????B1(mg)": 0.05780662074685097,
      "?????B2(mg)": 56.4879054531455,
      "?????B6(mg)": 0.6849375931918621,
      "?????B12(??g)": 39.08628694921732,
      "?????C(mg)": 302.24670102387665,
      "?????D(??g)": 2.202305940538645,
      "?????E(mg)": 0.02890606015920639,
      "?????K(??g)": 0.031764653027057645,
      "??(mg)": 91.13901115223766,
      "??(??g)": 0.5793621495366096,
      "?(mg)": 173.85063053429124
    }
  }
}