{
  "timestamp": "20250721_171431",
  "datetime": "2025-07-21 17:14:31",
  "photo_path": "photos/20250721_171430.jpg",
  "dish_name": "冰激凌",
  "confidence": 0.1534472554922104,
  "nutrients": {
    "热量(kcal)": 112.99448916658758,
    "蛋白质(g)": 123.92919868722558,
    "脂肪(g)": 48.838126658052204,
    "碳水化合物(g)": 153.57817737266421,
    "膳食纤维(g)": 33.28557331547141,
    "维生素A(μg)": 116.03967277973891,
    "维生素B1(mg)": 45.422978583276276,
    "维生素B2(mg)": 59.13799425527453,
    "维生素B6(mg)": 167.62683114230632,
    "维生素B12(μg)": 65.9574324683845,
    "维生素C(mg)": 141.63110995054245,
    "维生素D(μg)": 69.33089155390859,
    "维生素E(mg)": 135.25727218165994,
    "维生素K(μg)": 100.25412726789713,
    "钙(mg)": 139.63864620357754,
    "铁(mg)": 82.66927709773182,
    "锌(mg)": 129.69832489982247,
    "硒(μg)": 100.26532271206379,
    "钠(mg)": 103.12226079270243,
    "钾(mg)": 133.0110951757431,
    "镁(mg)": 61.9458561514318,
    "磷(mg)": 76.93561000972987,
    "铜(mg)": 133.6932808317244,
    "锰(mg)": 79.67544296205043
  },
  "full_result": {
    "dish_name": "冰激凌",
    "confidence": 0.1534472554922104,
    "top3_predictions": [
      {
        "name": "冰激凌",
        "confidence": 0.1534472554922104
      },
      {
        "name": "汤圆",
        "confidence": 0.10859675705432892
      },
      {
        "name": "鸡蛋布丁",
        "confidence": 0.07490437477827072
      }
    ],
    "nutrients": {
      "热量(kcal)": 112.99448916658758,
      "蛋白质(g)": 123.92919868722558,
      "脂肪(g)": 48.838126658052204,
      "碳水化合物(g)": 153.57817737266421,
      "膳食纤维(g)": 33.28557331547141,
      "维生素A(μg)": 116.03967277973891,
      "维生素B1(mg)": 45.422978583276276,
      "维生素B2(mg)": 59.13799425527453,
      "维生素B6(mg)": 167.62683114230632,
      "维生素B12(μg)": 65.9574324683845,
      "维生素C(mg)": 141.63110995054245,
      "维生素D(μg)": 69.33089155390859,
      "维生素E(mg)": 135.25727218165994,
      "维生素K(μg)": 100.25412726789713,
      "钙(mg)": 139.63864620357754,
      "铁(mg)": 82.66927709773182,
      "锌(mg)": 129.69832489982247,
      "硒(μg)": 100.26532271206379,
      "钠(mg)": 103.12226079270243,
      "钾(mg)": 133.0110951757431,
      "镁(mg)": 61.9458561514318,
      "磷(mg)": 76.93561000972987,
      "铜(mg)": 133.6932808317244,
      "锰(mg)": 79.67544296205043
    }
  }
}