{
  "timestamp": "20250823_200318",
  "datetime": "2025-08-23 20:03:18",
  "photo_path": "photos/20250823_200318.jpg",
  "dish_name": "红烧肉",
  "confidence": 0.22795522212982178,
  "nutrients": {
    "????(kcal)": 57.69429876528681,
    "??????(g)": 27.31639904268086,
    "???(g)": 1242.618911672011,
    "????????(g)": 4.796995534151792,
    "?????A(??g)": 9.35205707103014,
    "?????B1(mg)": 0.2183715335279703,
    "?????B2(mg)": 49.58198918581009,
    "?????B6(mg)": 0.4867617862671614,
    "?????B12(??g)": 15.992010486647487,
    "?????C(mg)": 136.97451565206052,
    "?????D(??g)": 4.550342162847519,
    "?????E(mg)": 0.05159015260636807,
    "?????K(??g)": 0.02521853543817997,
    "??(mg)": 117.59954586550593,
    "??(??g)": 0.1976650860905647,
    "?(mg)": 179.9954478816688
  },
  "full_result": {
    "dish_name": "红烧肉",
    "confidence": 0.22795522212982178,
    "top3_predictions": [
      {
        "name": "红烧肉",
        "confidence": 0.22795522212982178
      },
      {
        "name": "红烧肉",
        "confidence": 0.16959309577941895
      },
      {
        "name": "拔丝山药",
        "confidence": 0.051815297454595566
      }
    ],
    "nutrients": {
      "????(kcal)": 57.69429876528681,
      "??????(g)": 27.31639904268086,
      "???(g)": 1242.618911672011,
      "????????(g)": 4.796995534151792,
      "?????A(??g)": 9.35205707103014,
      "?????B1(mg)": 0.2183715335279703,
      "?????B2(mg)": 49.58198918581009,
      "?????B6(mg)": 0.4867617862671614,
      "?????B12(??g)": 15.992010486647487,
      "?????C(mg)": 136.97451565206052,
      "?????D(??g)": 4.550342162847519,
      "?????E(mg)": 0.05159015260636807,
      "?????K(??g)": 0.02521853543817997,
      "??(mg)": 117.59954586550593,
      "??(??g)": 0.1976650860905647,
      "?(mg)": 179.9954478816688
    }
  }
}