{
  "timestamp": "20250721_172356",
  "datetime": "2025-07-21 17:23:56",
  "photo_path": "photos/20250721_172355.jpg",
  "dish_name": "冰激凌",
  "confidence": 0.6166903972625732,
  "nutrients": {
    "热量(kcal)": 39.30221098765731,
    "蛋白质(g)": 63.73853632986546,
    "脂肪(g)": 30.054655993282797,
    "碳水化合物(g)": 173.32186615109444,
    "膳食纤维(g)": 27.093535051792863,
    "维生素A(μg)": 103.88451663807035,
    "维生素B1(mg)": 43.36499662920832,
    "维生素B2(mg)": 78.82321403548121,
    "维生素B6(mg)": 170.6782784834504,
    "维生素B12(μg)": 48.76449804753065,
    "维生素C(mg)": 187.54426572069525,
    "维生素D(μg)": 52.746568723618985,
    "维生素E(mg)": 137.3100668865442,
    "维生素K(μg)": 117.89894687980414,
    "钙(mg)": 169.36155969262123,
    "铁(mg)": 120.2433109267056,
    "锌(mg)": 105.96264314249157,
    "硒(μg)": 56.78481582149864,
    "钠(mg)": 48.51483485653997,
    "钾(mg)": 166.97514768764376,
    "镁(mg)": 78.09662029072643,
    "磷(mg)": 77.34644966214896,
    "铜(mg)": 147.09670019000768,
    "锰(mg)": 69.08130778700114
  },
  "full_result": {
    "dish_name": "冰激凌",
    "confidence": 0.6166903972625732,
    "top3_predictions": [
      {
        "name": "冰激凌",
        "confidence": 0.6166903972625732
      },
      {
        "name": "双皮奶",
        "confidence": 0.05991631746292114
      },
      {
        "name": "水晶虾饺",
        "confidence": 0.027203651145100594
      }
    ],
    "nutrients": {
      "热量(kcal)": 39.30221098765731,
      "蛋白质(g)": 63.73853632986546,
      "脂肪(g)": 30.054655993282797,
      "碳水化合物(g)": 173.32186615109444,
      "膳食纤维(g)": 27.093535051792863,
      "维生素A(μg)": 103.88451663807035,
      "维生素B1(mg)": 43.36499662920832,
      "维生素B2(mg)": 78.82321403548121,
      "维生素B6(mg)": 170.6782784834504,
      "维生素B12(μg)": 48.76449804753065,
      "维生素C(mg)": 187.54426572069525,
      "维生素D(μg)": 52.746568723618985,
      "维生素E(mg)": 137.3100668865442,
      "维生素K(μg)": 117.89894687980414,
      "钙(mg)": 169.36155969262123,
      "铁(mg)": 120.2433109267056,
      "锌(mg)": 105.96264314249157,
      "硒(μg)": 56.78481582149864,
      "钠(mg)": 48.51483485653997,
      "钾(mg)": 166.97514768764376,
      "镁(mg)": 78.09662029072643,
      "磷(mg)": 77.34644966214896,
      "铜(mg)": 147.09670019000768,
      "锰(mg)": 69.08130778700114
    }
  }
}