{
  "timestamp": "20250814_235238",
  "datetime": "2025-08-14 23:52:38",
  "photo_path": "photos/20250814_235238.jpg",
  "dish_name": "莲藕",
  "confidence": 0.3517390489578247,
  "nutrients": {
    "????(kcal)": 77.10400470003486,
    "??????(g)": 5.00435741186142,
    "???(g)": 448.65080978557467,
    "????????(g)": 4.5879630497097965,
    "?????A(??g)": 12.164715837985277,
    "?????B1(mg)": 2.294843277037144,
    "?????B2(mg)": 6.693114120364188,
    "?????B6(mg)": 0.9781471291184425,
    "?????B12(??g)": 7.3307450066506865,
    "?????C(mg)": 1.0227824556827545,
    "?????D(??g)": 2.4186553668975828,
    "?????E(mg)": 0.04482301622629166,
    "?????K(??g)": 0.026883950382471086,
    "??(mg)": 97.79361576646566,
    "??(??g)": 0.9856304436922074,
    "?(mg)": 312.0915676879883
  },
  "full_result": {
    "dish_name": "莲藕",
    "confidence": 0.3517390489578247,
    "top3_predictions": [
      {
        "name": "莲藕",
        "confidence": 0.3517390489578247
      },
      {
        "name": "泡椒凤爪",
        "confidence": 0.03370153531432152
      },
      {
        "name": "花生米",
        "confidence": 0.03369404003024101
      }
    ],
    "nutrients": {
      "????(kcal)": 77.10400470003486,
      "??????(g)": 5.00435741186142,
      "???(g)": 448.65080978557467,
      "????????(g)": 4.5879630497097965,
      "?????A(??g)": 12.164715837985277,
      "?????B1(mg)": 2.294843277037144,
      "?????B2(mg)": 6.693114120364188,
      "?????B6(mg)": 0.9781471291184425,
      "?????B12(??g)": 7.3307450066506865,
      "?????C(mg)": 1.0227824556827545,
      "?????D(??g)": 2.4186553668975828,
      "?????E(mg)": 0.04482301622629166,
      "?????K(??g)": 0.026883950382471086,
      "??(mg)": 97.79361576646566,
      "??(??g)": 0.9856304436922074,
      "?(mg)": 312.0915676879883
    }
  }
}