{
  "timestamp": "20250814_193156",
  "datetime": "2025-08-14 19:31:56",
  "photo_path": "photos/20250814_193156.jpg",
  "dish_name": "芝士虾球",
  "confidence": 0.5410046577453613,
  "nutrients": {
    "????(kcal)": 66.22174055110663,
    "??????(g)": 10.080328675583004,
    "???(g)": 752.1715526512079,
    "????????(g)": 12.733216545172034,
    "?????A(??g)": 9.529698058832436,
    "?????B1(mg)": 0.1557643749192357,
    "?????B2(mg)": 200.90446415379645,
    "?????B6(mg)": 1.7720948862098156,
    "?????B12(??g)": 77.2808640872687,
    "?????C(mg)": 262.1555941098556,
    "?????D(??g)": 4.717553610559553,
    "?????E(mg)": 0.08437640439718962,
    "?????K(??g)": 0.12499120572581887,
    "??(mg)": 386.2201816278137,
    "??(??g)": 2.1693837562203404,
    "?(mg)": 201.36843908948825
  },
  "full_result": {
    "dish_name": "芝士虾球",
    "confidence": 0.5410046577453613,
    "top3_predictions": [
      {
        "name": "芝士虾球",
        "confidence": 0.5410046577453613
      },
      {
        "name": "咕噜肉",
        "confidence": 0.2825160324573517
      },
      {
        "name": "宫保鸡丁",
        "confidence": 0.017331216484308243
      }
    ],
    "nutrients": {
      "????(kcal)": 66.22174055110663,
      "??????(g)": 10.080328675583004,
      "???(g)": 752.1715526512079,
      "????????(g)": 12.733216545172034,
      "?????A(??g)": 9.529698058832436,
      "?????B1(mg)": 0.1557643749192357,
      "?????B2(mg)": 200.90446415379645,
      "?????B6(mg)": 1.7720948862098156,
      "?????B12(??g)": 77.2808640872687,
      "?????C(mg)": 262.1555941098556,
      "?????D(??g)": 4.717553610559553,
      "?????E(mg)": 0.08437640439718962,
      "?????K(??g)": 0.12499120572581887,
      "??(mg)": 386.2201816278137,
      "??(??g)": 2.1693837562203404,
      "?(mg)": 201.36843908948825
    }
  }
}