{
  "timestamp": "20250815_105218",
  "datetime": "2025-08-15 10:52:18",
  "photo_path": "photos/20250815_105218.jpg",
  "dish_name": "红烧肉",
  "confidence": 0.41577672958374023,
  "nutrients": {
    "????(kcal)": 83.80013127878308,
    "??????(g)": 2.4920694441348314,
    "???(g)": 303.939076005742,
    "????????(g)": 2.2326281301677224,
    "?????A(??g)": 10.91056451447308,
    "?????B1(mg)": 0.009331830516457558,
    "?????B2(mg)": 21.18756227105856,
    "?????B6(mg)": 0.393755599334836,
    "?????B12(??g)": 41.1288952794671,
    "?????C(mg)": 238.5020557833463,
    "?????D(??g)": 0.5225825089216233,
    "?????E(mg)": 0.0175473278015852,
    "?????K(??g)": 0.024955006912350655,
    "??(mg)": 32.83723812751472,
    "??(??g)": 0.3401459882408381,
    "?(mg)": 116.46809909664094
  },
  "full_result": {
    "dish_name": "红烧肉",
    "confidence": 0.41577672958374023,
    "top3_predictions": [
      {
        "name": "红烧肉",
        "confidence": 0.41577672958374023
      },
      {
        "name": "冰激凌",
        "confidence": 0.21568962931632996
      },
      {
        "name": "宫保鸡丁",
        "confidence": 0.04883422702550888
      }
    ],
    "nutrients": {
      "????(kcal)": 83.80013127878308,
      "??????(g)": 2.4920694441348314,
      "???(g)": 303.939076005742,
      "????????(g)": 2.2326281301677224,
      "?????A(??g)": 10.91056451447308,
      "?????B1(mg)": 0.009331830516457558,
      "?????B2(mg)": 21.18756227105856,
      "?????B6(mg)": 0.393755599334836,
      "?????B12(??g)": 41.1288952794671,
      "?????C(mg)": 238.5020557833463,
      "?????D(??g)": 0.5225825089216233,
      "?????E(mg)": 0.0175473278015852,
      "?????K(??g)": 0.024955006912350655,
      "??(mg)": 32.83723812751472,
      "??(??g)": 0.3401459882408381,
      "?(mg)": 116.46809909664094
    }
  }
}