{
  "timestamp": "20250814_194010",
  "datetime": "2025-08-14 19:40:10",
  "photo_path": "photos/20250814_194009.jpg",
  "dish_name": "卤蛋",
  "confidence": 0.29998502135276794,
  "nutrients": {
    "????(kcal)": 65.49948476612568,
    "??????(g)": 15.108649908006193,
    "???(g)": 766.4058315682412,
    "????????(g)": 7.462475029528141,
    "?????A(??g)": 5.104187807440757,
    "?????B1(mg)": 0.9194218698143959,
    "?????B2(mg)": 253.93820108175277,
    "?????B6(mg)": 0.5682014140486716,
    "?????B12(??g)": 99.23035791635515,
    "?????C(mg)": 145.94165042102338,
    "?????D(??g)": 2.0350703766942027,
    "?????E(mg)": 0.03340941905975342,
    "?????K(??g)": 0.09564626872539521,
    "??(mg)": 1607.9260220065712,
    "??(??g)": 0.3002258658409119,
    "?(mg)": 142.89300746202468
  },
  "full_result": {
    "dish_name": "卤蛋",
    "confidence": 0.29998502135276794,
    "top3_predictions": [
      {
        "name": "卤蛋",
        "confidence": 0.29998502135276794
      },
      {
        "name": "红烧肉",
        "confidence": 0.11040683090686798
      },
      {
        "name": "红烧肉",
        "confidence": 0.08361981064081192
      }
    ],
    "nutrients": {
      "????(kcal)": 65.49948476612568,
      "??????(g)": 15.108649908006193,
      "???(g)": 766.4058315682412,
      "????????(g)": 7.462475029528141,
      "?????A(??g)": 5.104187807440757,
      "?????B1(mg)": 0.9194218698143959,
      "?????B2(mg)": 253.93820108175277,
      "?????B6(mg)": 0.5682014140486716,
      "?????B12(??g)": 99.23035791635515,
      "?????C(mg)": 145.94165042102338,
      "?????D(??g)": 2.0350703766942027,
      "?????E(mg)": 0.03340941905975342,
      "?????K(??g)": 0.09564626872539521,
      "??(mg)": 1607.9260220065712,
      "??(??g)": 0.3002258658409119,
      "?(mg)": 142.89300746202468
    }
  }
}