{
  "timestamp": "20250722_150503",
  "datetime": "2025-07-22 15:05:03",
  "photo_path": "photos/20250722_150503.jpg",
  "dish_name": "饼干",
  "confidence": 0.14984546601772308,
  "nutrients": {
    "能量(kcal)": 30.27412431687117,
    "蛋白质(g)": 339.97052915900946,
    "脂肪(g)": 1420.5501041707396,
    "碳水化合物(g)": 8.05450950473547,
    "膳食纤维(g)": 15.054304758906364,
    "维生素A(μg)": 42.315268288552765,
    "维生素B1(mg)": 0.8613144022226333,
    "维生素B2(mg)": 172.8217033097148,
    "维生素B6(mg)": 0.6552488899230957,
    "维生素B12(μg)": 109.31546858340502,
    "维生素C(mg)": 79.51186209410429,
    "维生素D(μg)": 49.48952377706767,
    "维生素E(mg)": 0.06548741281032562,
    "维生素K(μg)": 0.08264530837535859,
    "钙(mg)": 2.2583362475037574,
    "磷(mg)": 1.446765486896038,
    "钾(mg)": 0.7181075635552406,
    "钠(μg)": 0.4683225199580193,
    "镁(mg)": 0.06515498757362366,
    "铁(mg)": 0.05863948881626129,
    "锌(mg)": 55.713361490964886,
    "硒(mg)": 74.20856762528419,
    "铜(mg)": 94.55224006831646,
    "锰(mg)": 963.8829028174282
  },
  "full_result": {
    "dish_name": "饼干",
    "confidence": 0.14984546601772308,
    "top3_predictions": [
      {
        "name": "饼干",
        "confidence": 0.14984546601772308
      },
      {
        "name": "卤蛋",
        "confidence": 0.11553244292736053
      },
      {
        "name": "曲奇饼干",
        "confidence": 0.08926094323396683
      }
    ],
    "nutrients": {
      "能量(kcal)": 30.27412431687117,
      "蛋白质(g)": 339.97052915900946,
      "脂肪(g)": 1420.5501041707396,
      "碳水化合物(g)": 8.05450950473547,
      "膳食纤维(g)": 15.054304758906364,
      "维生素A(μg)": 42.315268288552765,
      "维生素B1(mg)": 0.8613144022226333,
      "维生素B2(mg)": 172.8217033097148,
      "维生素B6(mg)": 0.6552488899230957,
      "维生素B12(μg)": 109.31546858340502,
      "维生素C(mg)": 79.51186209410429,
      "维生素D(μg)": 49.48952377706767,
      "维生素E(mg)": 0.06548741281032562,
      "维生素K(μg)": 0.08264530837535859,
      "钙(mg)": 2.2583362475037574,
      "磷(mg)": 1.446765486896038,
      "钾(mg)": 0.7181075635552406,
      "钠(μg)": 0.4683225199580193,
      "镁(mg)": 0.06515498757362366,
      "铁(mg)": 0.05863948881626129,
      "锌(mg)": 55.713361490964886,
      "硒(mg)": 74.20856762528419,
      "铜(mg)": 94.55224006831646,
      "锰(mg)": 963.8829028174282
    }
  }
}