{
  "timestamp": "20250814_195354",
  "datetime": "2025-08-14 19:53:54",
  "photo_path": "photos/20250814_195354.jpg",
  "dish_name": "宫保鸡丁",
  "confidence": 0.41508421301841736,
  "nutrients": {
    "????(kcal)": 69.00851299121976,
    "??????(g)": 9.721545620188117,
    "???(g)": 701.8914465886355,
    "????????(g)": 12.723059979751707,
    "?????A(??g)": 7.356194022521376,
    "?????B1(mg)": 0.14969584949314596,
    "?????B2(mg)": 213.29869399882853,
    "?????B6(mg)": 1.7732470865547658,
    "?????B12(??g)": 80.55081215403975,
    "?????C(mg)": 260.9884679546207,
    "?????D(??g)": 10.94010136127472,
    "?????E(mg)": 0.09565376989543439,
    "?????K(??g)": 0.12888619214296343,
    "??(mg)": 331.9960445098579,
    "??(??g)": 1.9929735999554397,
    "?(mg)": 216.26004632934928
  },
  "full_result": {
    "dish_name": "宫保鸡丁",
    "confidence": 0.41508421301841736,
    "top3_predictions": [
      {
        "name": "宫保鸡丁",
        "confidence": 0.41508421301841736
      },
      {
        "name": "糖醋里脊",
        "confidence": 0.19232934713363647
      },
      {
        "name": "咕噜肉",
        "confidence": 0.07613444328308105
      }
    ],
    "nutrients": {
      "????(kcal)": 69.00851299121976,
      "??????(g)": 9.721545620188117,
      "???(g)": 701.8914465886355,
      "????????(g)": 12.723059979751707,
      "?????A(??g)": 7.356194022521376,
      "?????B1(mg)": 0.14969584949314596,
      "?????B2(mg)": 213.29869399882853,
      "?????B6(mg)": 1.7732470865547658,
      "?????B12(??g)": 80.55081215403975,
      "?????C(mg)": 260.9884679546207,
      "?????D(??g)": 10.94010136127472,
      "?????E(mg)": 0.09565376989543439,
      "?????K(??g)": 0.12888619214296343,
      "??(mg)": 331.9960445098579,
      "??(??g)": 1.9929735999554397,
      "?(mg)": 216.26004632934928
    }
  }
}