{
  "timestamp": "20250815_105119",
  "datetime": "2025-08-15 10:51:19",
  "photo_path": "photos/20250815_105119.jpg",
  "dish_name": "宫保鸡丁",
  "confidence": 0.34972792863845825,
  "nutrients": {
    "????(kcal)": 76.94102275431156,
    "??????(g)": 5.80885446794331,
    "???(g)": 478.935083744824,
    "????????(g)": 8.501515369862318,
    "?????A(??g)": 7.352659723982215,
    "?????B1(mg)": 0.07909290105104447,
    "?????B2(mg)": 174.1549992707372,
    "?????B6(mg)": 1.485240364894271,
    "?????B12(??g)": 75.78185977950692,
    "?????C(mg)": 316.5797643187642,
    "?????D(??g)": 4.745557220503688,
    "?????E(mg)": 0.025676788538694383,
    "?????K(??g)": 0.08165123127400875,
    "??(mg)": 243.43327254906296,
    "??(??g)": 1.7494439125806092,
    "?(mg)": 172.67784120336177
  },
  "full_result": {
    "dish_name": "宫保鸡丁",
    "confidence": 0.34972792863845825,
    "top3_predictions": [
      {
        "name": "宫保鸡丁",
        "confidence": 0.34972792863845825
      },
      {
        "name": "红烧肉",
        "confidence": 0.23915641009807587
      },
      {
        "name": "油焖大虾",
        "confidence": 0.027182085439562798
      }
    ],
    "nutrients": {
      "????(kcal)": 76.94102275431156,
      "??????(g)": 5.80885446794331,
      "???(g)": 478.935083744824,
      "????????(g)": 8.501515369862318,
      "?????A(??g)": 7.352659723982215,
      "?????B1(mg)": 0.07909290105104447,
      "?????B2(mg)": 174.1549992707372,
      "?????B6(mg)": 1.485240364894271,
      "?????B12(??g)": 75.78185977950692,
      "?????C(mg)": 316.5797643187642,
      "?????D(??g)": 4.745557220503688,
      "?????E(mg)": 0.025676788538694383,
      "?????K(??g)": 0.08165123127400875,
      "??(mg)": 243.43327254906296,
      "??(??g)": 1.7494439125806092,
      "?(mg)": 172.67784120336177
    }
  }
}