{
  "timestamp": "20250724_185959",
  "datetime": "2025-07-24 18:59:59",
  "photo_path": "photos/20250724_185959.jpg",
  "dish_name": "地三鲜",
  "confidence": 0.672115683555603,
  "nutrients": {
    "????(kcal)": 84.40019559752196,
    "??????(g)": 1.4013320671766998,
    "???(g)": 260.32893691370265,
    "????????(g)": 1.738260421305895,
    "?????A(??g)": 11.266380945723505,
    "?????B1(mg)": 0.8917149304039776,
    "?????B2(mg)": 0.0,
    "?????B6(mg)": 0.8780585921555757,
    "?????B12(??g)": 3.3591750151291486,
    "?????C(mg)": 39.04741400202737,
    "?????D(??g)": 0.0,
    "?????E(mg)": 0.04777914756909013,
    "?????K(??g)": 0.03060138227418065,
    "??(mg)": 255.14945358583702,
    "??(??g)": 0.686574407685548,
    "?(mg)": 223.6957202737592
  },
  "full_result": {
    "dish_name": "地三鲜",
    "confidence": 0.672115683555603,
    "top3_predictions": [
      {
        "name": "地三鲜",
        "confidence": 0.672115683555603
      },
      {
        "name": "鱼香茄子",
        "confidence": 0.043981075286865234
      },
      {
        "name": "家常豆腐",
        "confidence": 0.015237759798765182
      }
    ],
    "nutrients": {
      "????(kcal)": 84.40019559752196,
      "??????(g)": 1.4013320671766998,
      "???(g)": 260.32893691370265,
      "????????(g)": 1.738260421305895,
      "?????A(??g)": 11.266380945723505,
      "?????B1(mg)": 0.8917149304039776,
      "?????B2(mg)": 0.0,
      "?????B6(mg)": 0.8780585921555757,
      "?????B12(??g)": 3.3591750151291486,
      "?????C(mg)": 39.04741400202737,
      "?????D(??g)": 0.0,
      "?????E(mg)": 0.04777914756909013,
      "?????K(??g)": 0.03060138227418065,
      "??(mg)": 255.14945358583702,
      "??(??g)": 0.686574407685548,
      "?(mg)": 223.6957202737592
    }
  }
}