{
  "timestamp": "20250814_195311",
  "datetime": "2025-08-14 19:53:11",
  "photo_path": "photos/20250814_195311.jpg",
  "dish_name": "宫保鸡丁",
  "confidence": 0.3294488489627838,
  "nutrients": {
    "????(kcal)": 65.61667173262686,
    "??????(g)": 10.180878519676625,
    "???(g)": 768.1134641512483,
    "????????(g)": 12.326592029929161,
    "?????A(??g)": 10.675241385512054,
    "?????B1(mg)": 0.12819304663687944,
    "?????B2(mg)": 162.28932688675823,
    "?????B6(mg)": 1.5667777898162605,
    "?????B12(??g)": 63.887970769889655,
    "?????C(mg)": 247.92582349270583,
    "?????D(??g)": 4.195377261117101,
    "?????E(mg)": 0.10308076180517674,
    "?????K(??g)": 0.12269378554075956,
    "??(mg)": 380.4451772130653,
    "??(??g)": 1.9806503448262809,
    "?(mg)": 209.7474751986563
  },
  "full_result": {
    "dish_name": "宫保鸡丁",
    "confidence": 0.3294488489627838,
    "top3_predictions": [
      {
        "name": "宫保鸡丁",
        "confidence": 0.3294488489627838
      },
      {
        "name": "咕噜肉",
        "confidence": 0.30572056770324707
      },
      {
        "name": "菊花鱼",
        "confidence": 0.030050644651055336
      }
    ],
    "nutrients": {
      "????(kcal)": 65.61667173262686,
      "??????(g)": 10.180878519676625,
      "???(g)": 768.1134641512483,
      "????????(g)": 12.326592029929161,
      "?????A(??g)": 10.675241385512054,
      "?????B1(mg)": 0.12819304663687944,
      "?????B2(mg)": 162.28932688675823,
      "?????B6(mg)": 1.5667777898162605,
      "?????B12(??g)": 63.887970769889655,
      "?????C(mg)": 247.92582349270583,
      "?????D(??g)": 4.195377261117101,
      "?????E(mg)": 0.10308076180517674,
      "?????K(??g)": 0.12269378554075956,
      "??(mg)": 380.4451772130653,
      "??(??g)": 1.9806503448262809,
      "?(mg)": 209.7474751986563
    }
  }
}