{
  "timestamp": "20250813_201624",
  "datetime": "2025-08-13 20:16:24",
  "photo_path": "photos/20250813_201623.jpg",
  "dish_name": "凉拌西红柿",
  "confidence": 0.5109900236129761,
  "nutrients": {
    "????(kcal)": 79.80962130941451,
    "??????(g)": 8.216508126035333,
    "???(g)": 484.1495447444171,
    "????????(g)": 2.0230886781215665,
    "?????A(??g)": 9.432386389672756,
    "?????B1(mg)": 0.08128188647329808,
    "?????B2(mg)": 14.481428875029087,
    "?????B6(mg)": 0.41415396742522714,
    "?????B12(??g)": 24.632761665955186,
    "?????C(mg)": 281.1300224900246,
    "?????D(??g)": 1.3290200226008893,
    "?????E(mg)": 0.029556772485375405,
    "?????K(??g)": 0.014444882199168205,
    "??(mg)": 40.981444648504265,
    "??(??g)": 0.25023517847061155,
    "?(mg)": 172.13212155058977
  },
  "full_result": {
    "dish_name": "凉拌西红柿",
    "confidence": 0.5109900236129761,
    "top3_predictions": [
      {
        "name": "凉拌西红柿",
        "confidence": 0.5109900236129761
      },
      {
        "name": "红烧肉",
        "confidence": 0.09642872214317322
      },
      {
        "name": "拔丝山药",
        "confidence": 0.04341086745262146
      }
    ],
    "nutrients": {
      "????(kcal)": 79.80962130941451,
      "??????(g)": 8.216508126035333,
      "???(g)": 484.1495447444171,
      "????????(g)": 2.0230886781215665,
      "?????A(??g)": 9.432386389672756,
      "?????B1(mg)": 0.08128188647329808,
      "?????B2(mg)": 14.481428875029087,
      "?????B6(mg)": 0.41415396742522714,
      "?????B12(??g)": 24.632761665955186,
      "?????C(mg)": 281.1300224900246,
      "?????D(??g)": 1.3290200226008893,
      "?????E(mg)": 0.029556772485375405,
      "?????K(??g)": 0.014444882199168205,
      "??(mg)": 40.981444648504265,
      "??(??g)": 0.25023517847061155,
      "?(mg)": 172.13212155058977
    }
  }
}