{
  "timestamp": "20250815_085408",
  "datetime": "2025-08-15 08:54:08",
  "photo_path": "photos/20250815_085407.jpg",
  "dish_name": "红烧肉",
  "confidence": 0.5824579000473022,
  "nutrients": {
    "????(kcal)": 86.1076598868519,
    "??????(g)": 1.8701125122606752,
    "???(g)": 248.86879911623896,
    "????????(g)": 3.0859192784130576,
    "?????A(??g)": 8.279621652811766,
    "?????B1(mg)": 0.02383290022611618,
    "?????B2(mg)": 39.250756715685135,
    "?????B6(mg)": 0.6465363163501024,
    "?????B12(??g)": 37.522610302641986,
    "?????C(mg)": 315.3852170290798,
    "?????D(??g)": 2.085735655575991,
    "?????E(mg)": 0.02118493638932705,
    "?????K(??g)": 0.02983838811516762,
    "??(mg)": 64.8505381834507,
    "??(??g)": 0.6083131080865859,
    "?(mg)": 172.07163223482667
  },
  "full_result": {
    "dish_name": "红烧肉",
    "confidence": 0.5824579000473022,
    "top3_predictions": [
      {
        "name": "红烧肉",
        "confidence": 0.5824579000473022
      },
      {
        "name": "宫保鸡丁",
        "confidence": 0.08760198205709457
      },
      {
        "name": "菊花鱼",
        "confidence": 0.06923702359199524
      }
    ],
    "nutrients": {
      "????(kcal)": 86.1076598868519,
      "??????(g)": 1.8701125122606752,
      "???(g)": 248.86879911623896,
      "????????(g)": 3.0859192784130576,
      "?????A(??g)": 8.279621652811766,
      "?????B1(mg)": 0.02383290022611618,
      "?????B2(mg)": 39.250756715685135,
      "?????B6(mg)": 0.6465363163501024,
      "?????B12(??g)": 37.522610302641986,
      "?????C(mg)": 315.3852170290798,
      "?????D(??g)": 2.085735655575991,
      "?????E(mg)": 0.02118493638932705,
      "?????K(??g)": 0.02983838811516762,
      "??(mg)": 64.8505381834507,
      "??(??g)": 0.6083131080865859,
      "?(mg)": 172.07163223482667
    }
  }
}