{
  "timestamp": "20250814_194852",
  "datetime": "2025-08-14 19:48:52",
  "photo_path": "photos/20250814_194852.jpg",
  "dish_name": "宫保鸡丁",
  "confidence": 0.1666628122329712,
  "nutrients": {
    "????(kcal)": 73.08186149626971,
    "??????(g)": 7.69564620822668,
    "???(g)": 571.4985251480341,
    "????????(g)": 10.660229162573813,
    "?????A(??g)": 6.303882366120815,
    "?????B1(mg)": 0.7816464641690254,
    "?????B2(mg)": 168.513590760231,
    "?????B6(mg)": 1.537066751718521,
    "?????B12(??g)": 99.90338347643615,
    "?????C(mg)": 221.37611473739148,
    "?????D(??g)": 11.65395154505968,
    "?????E(mg)": 0.09211697340011597,
    "?????K(??g)": 0.11968884408473968,
    "??(mg)": 487.4026824656129,
    "??(??g)": 1.5377935487031935,
    "?(mg)": 221.99195365071296
  },
  "full_result": {
    "dish_name": "宫保鸡丁",
    "confidence": 0.1666628122329712,
    "top3_predictions": [
      {
        "name": "宫保鸡丁",
        "confidence": 0.1666628122329712
      },
      {
        "name": "糖醋里脊",
        "confidence": 0.1336526721715927
      },
      {
        "name": "辣白菜",
        "confidence": 0.07802188396453857
      }
    ],
    "nutrients": {
      "????(kcal)": 73.08186149626971,
      "??????(g)": 7.69564620822668,
      "???(g)": 571.4985251480341,
      "????????(g)": 10.660229162573813,
      "?????A(??g)": 6.303882366120815,
      "?????B1(mg)": 0.7816464641690254,
      "?????B2(mg)": 168.513590760231,
      "?????B6(mg)": 1.537066751718521,
      "?????B12(??g)": 99.90338347643615,
      "?????C(mg)": 221.37611473739148,
      "?????D(??g)": 11.65395154505968,
      "?????E(mg)": 0.09211697340011597,
      "?????K(??g)": 0.11968884408473968,
      "??(mg)": 487.4026824656129,
      "??(??g)": 1.5377935487031935,
      "?(mg)": 221.99195365071296
    }
  }
}