{
  "timestamp": "20250814_194817",
  "datetime": "2025-08-14 19:48:17",
  "photo_path": "photos/20250814_194816.jpg",
  "dish_name": "糖醋里脊",
  "confidence": 0.2356298863887787,
  "nutrients": {
    "????(kcal)": 67.06183330684901,
    "??????(g)": 7.353681463301181,
    "???(g)": 696.2323121985793,
    "????????(g)": 8.695915845632554,
    "?????A(??g)": 16.499993146657943,
    "?????B1(mg)": 0.29819537788629535,
    "?????B2(mg)": 102.45840064525603,
    "?????B6(mg)": 1.068976801931858,
    "?????B12(??g)": 39.225900287926194,
    "?????C(mg)": 161.3090895098448,
    "?????D(??g)": 12.96881602227688,
    "?????E(mg)": 0.11666367143392564,
    "?????K(??g)": 0.0902468940615654,
    "??(mg)": 166.98226252436638,
    "??(??g)": 1.1121539783477783,
    "?(mg)": 224.9477499508858
  },
  "full_result": {
    "dish_name": "糖醋里脊",
    "confidence": 0.2356298863887787,
    "top3_predictions": [
      {
        "name": "糖醋里脊",
        "confidence": 0.2356298863887787
      },
      {
        "name": "拔丝山药",
        "confidence": 0.1531200110912323
      },
      {
        "name": "宫保鸡丁",
        "confidence": 0.07346312701702118
      }
    ],
    "nutrients": {
      "????(kcal)": 67.06183330684901,
      "??????(g)": 7.353681463301181,
      "???(g)": 696.2323121985793,
      "????????(g)": 8.695915845632554,
      "?????A(??g)": 16.499993146657943,
      "?????B1(mg)": 0.29819537788629535,
      "?????B2(mg)": 102.45840064525603,
      "?????B6(mg)": 1.068976801931858,
      "?????B12(??g)": 39.225900287926194,
      "?????C(mg)": 161.3090895098448,
      "?????D(??g)": 12.96881602227688,
      "?????E(mg)": 0.11666367143392564,
      "?????K(??g)": 0.0902468940615654,
      "??(mg)": 166.98226252436638,
      "??(??g)": 1.1121539783477783,
      "?(mg)": 224.9477499508858
    }
  }
}