{
  "timestamp": "20250814_235308",
  "datetime": "2025-08-14 23:53:08",
  "photo_path": "photos/20250814_235308.jpg",
  "dish_name": "披萨",
  "confidence": 0.07277573645114899,
  "nutrients": {
    "????(kcal)": 66.49468289047479,
    "??????(g)": 6.648592440783978,
    "???(g)": 680.8300558471681,
    "????????(g)": 8.170696493387222,
    "?????A(??g)": 17.367049081623556,
    "?????B1(mg)": 1.903942075073719,
    "?????B2(mg)": 31.94795086503029,
    "?????B6(mg)": 14.377925174236298,
    "?????B12(??g)": 27.947400270700452,
    "?????C(mg)": 222.82515195012095,
    "?????D(??g)": 4.200458387136459,
    "?????E(mg)": 0.13630132168531417,
    "?????K(??g)": 0.11049211502075196,
    "??(mg)": 242.79206269472837,
    "??(??g)": 0.8704857340455054,
    "?(mg)": 142.98124884486197
  },
  "full_result": {
    "dish_name": "披萨",
    "confidence": 0.07277573645114899,
    "top3_predictions": [
      {
        "name": "披萨",
        "confidence": 0.07277573645114899
      },
      {
        "name": "糖醋鲤鱼",
        "confidence": 0.05071611702442169
      },
      {
        "name": "鱼香茄子",
        "confidence": 0.049821823835372925
      }
    ],
    "nutrients": {
      "????(kcal)": 66.49468289047479,
      "??????(g)": 6.648592440783978,
      "???(g)": 680.8300558471681,
      "????????(g)": 8.170696493387222,
      "?????A(??g)": 17.367049081623556,
      "?????B1(mg)": 1.903942075073719,
      "?????B2(mg)": 31.94795086503029,
      "?????B6(mg)": 14.377925174236298,
      "?????B12(??g)": 27.947400270700452,
      "?????C(mg)": 222.82515195012095,
      "?????D(??g)": 4.200458387136459,
      "?????E(mg)": 0.13630132168531417,
      "?????K(??g)": 0.11049211502075196,
      "??(mg)": 242.79206269472837,
      "??(??g)": 0.8704857340455054,
      "?(mg)": 142.98124884486197
    }
  }
}