{
  "timestamp": "20250813_201821",
  "datetime": "2025-08-13 20:18:21",
  "photo_path": "photos/20250813_201820.jpg",
  "dish_name": "红烧肉",
  "confidence": 0.43034249544143677,
  "nutrients": {
    "????(kcal)": 76.17230279617011,
    "??????(g)": 12.298652996867895,
    "???(g)": 613.2584643737227,
    "????????(g)": 3.2597008060663937,
    "?????A(??g)": 6.793768336549401,
    "?????B1(mg)": 0.19109933227300643,
    "?????B2(mg)": 55.06772931046784,
    "?????B6(mg)": 0.44299931213259697,
    "?????B12(??g)": 35.700368556007746,
    "?????C(mg)": 259.25077108763156,
    "?????D(??g)": 1.986355846002698,
    "?????E(mg)": 0.033257371932268145,
    "?????K(??g)": 0.02801324173808098,
    "??(mg)": 279.95892204485835,
    "??(??g)": 0.21761095203459263,
    "?(mg)": 171.15482494741678
  },
  "full_result": {
    "dish_name": "红烧肉",
    "confidence": 0.43034249544143677,
    "top3_predictions": [
      {
        "name": "红烧肉",
        "confidence": 0.43034249544143677
      },
      {
        "name": "红烧肉",
        "confidence": 0.13751399517059326
      },
      {
        "name": "卤蛋",
        "confidence": 0.05450212582945824
      }
    ],
    "nutrients": {
      "????(kcal)": 76.17230279617011,
      "??????(g)": 12.298652996867895,
      "???(g)": 613.2584643737227,
      "????????(g)": 3.2597008060663937,
      "?????A(??g)": 6.793768336549401,
      "?????B1(mg)": 0.19109933227300643,
      "?????B2(mg)": 55.06772931046784,
      "?????B6(mg)": 0.44299931213259697,
      "?????B12(??g)": 35.700368556007746,
      "?????C(mg)": 259.25077108763156,
      "?????D(??g)": 1.986355846002698,
      "?????E(mg)": 0.033257371932268145,
      "?????K(??g)": 0.02801324173808098,
      "??(mg)": 279.95892204485835,
      "??(??g)": 0.21761095203459263,
      "?(mg)": 171.15482494741678
    }
  }
}