{
  "timestamp": "20250814_194144",
  "datetime": "2025-08-14 19:41:44",
  "photo_path": "photos/20250814_194144.jpg",
  "dish_name": "糖醋里脊",
  "confidence": 0.23477578163146973,
  "nutrients": {
    "????(kcal)": 61.823141633570195,
    "??????(g)": 11.05137244656682,
    "???(g)": 852.2960255669058,
    "????????(g)": 11.301262208223342,
    "?????A(??g)": 14.92177020922303,
    "?????B1(mg)": 0.3270489202439785,
    "?????B2(mg)": 129.2673842328787,
    "?????B6(mg)": 1.6842606477439406,
    "?????B12(??g)": 48.59865953207016,
    "?????C(mg)": 189.36602276936173,
    "?????D(??g)": 14.801629775166512,
    "?????E(mg)": 0.12230023115873338,
    "?????K(??g)": 0.11773818582296372,
    "??(mg)": 320.38071592077614,
    "??(??g)": 1.6670223854482176,
    "?(mg)": 253.44058299884202
  },
  "full_result": {
    "dish_name": "糖醋里脊",
    "confidence": 0.23477578163146973,
    "top3_predictions": [
      {
        "name": "糖醋里脊",
        "confidence": 0.23477578163146973
      },
      {
        "name": "宫保鸡丁",
        "confidence": 0.09467925131320953
      },
      {
        "name": "油条",
        "confidence": 0.084622323513031
      }
    ],
    "nutrients": {
      "????(kcal)": 61.823141633570195,
      "??????(g)": 11.05137244656682,
      "???(g)": 852.2960255669058,
      "????????(g)": 11.301262208223342,
      "?????A(??g)": 14.92177020922303,
      "?????B1(mg)": 0.3270489202439785,
      "?????B2(mg)": 129.2673842328787,
      "?????B6(mg)": 1.6842606477439406,
      "?????B12(??g)": 48.59865953207016,
      "?????C(mg)": 189.36602276936173,
      "?????D(??g)": 14.801629775166512,
      "?????E(mg)": 0.12230023115873338,
      "?????K(??g)": 0.11773818582296372,
      "??(mg)": 320.38071592077614,
      "??(??g)": 1.6670223854482176,
      "?(mg)": 253.44058299884202
    }
  }
}