{
  "timestamp": "20250814_235330",
  "datetime": "2025-08-14 23:53:30",
  "photo_path": "photos/20250814_235330.jpg",
  "dish_name": "松鼠桂鱼",
  "confidence": 0.25463494658470154,
  "nutrients": {
    "????(kcal)": 58.29818358242512,
    "??????(g)": 10.372678410708906,
    "???(g)": 879.2860080125928,
    "????????(g)": 11.193917249143123,
    "?????A(??g)": 18.245782970488072,
    "?????B1(mg)": 0.5226040023565293,
    "?????B2(mg)": 66.42274156957865,
    "?????B6(mg)": 0.9579694265127182,
    "?????B12(??g)": 26.298585442602636,
    "?????C(mg)": 122.37152874678372,
    "?????D(??g)": 11.187929324209689,
    "?????E(mg)": 0.09334521830081939,
    "?????K(??g)": 0.05752265214920044,
    "??(mg)": 300.45625177145007,
    "??(??g)": 1.3062787774205207,
    "?(mg)": 252.29129429340364
  },
  "full_result": {
    "dish_name": "松鼠桂鱼",
    "confidence": 0.25463494658470154,
    "top3_predictions": [
      {
        "name": "松鼠桂鱼",
        "confidence": 0.25463494658470154
      },
      {
        "name": "糖醋鲤鱼",
        "confidence": 0.10162437707185745
      },
      {
        "name": "鱼香肉丝",
        "confidence": 0.09688126295804977
      }
    ],
    "nutrients": {
      "????(kcal)": 58.29818358242512,
      "??????(g)": 10.372678410708906,
      "???(g)": 879.2860080125928,
      "????????(g)": 11.193917249143123,
      "?????A(??g)": 18.245782970488072,
      "?????B1(mg)": 0.5226040023565293,
      "?????B2(mg)": 66.42274156957865,
      "?????B6(mg)": 0.9579694265127182,
      "?????B12(??g)": 26.298585442602636,
      "?????C(mg)": 122.37152874678372,
      "?????D(??g)": 11.187929324209689,
      "?????E(mg)": 0.09334521830081939,
      "?????K(??g)": 0.05752265214920044,
      "??(mg)": 300.45625177145007,
      "??(??g)": 1.3062787774205207,
      "?(mg)": 252.29129429340364
    }
  }
}