{
  "timestamp": "20250815_143309",
  "datetime": "2025-08-15 14:33:09",
  "photo_path": "photos/20250815_143309.jpg",
  "dish_name": "炒青菜",
  "confidence": 0.15853120386600494,
  "nutrients": {
    "????(kcal)": 84.40947787880899,
    "??????(g)": 2.9832251250743864,
    "???(g)": 297.09327002227303,
    "????????(g)": 1.8750908768177035,
    "?????A(??g)": 9.920704942941667,
    "?????B1(mg)": 0.10008881211280823,
    "?????B2(mg)": 7.349693725705147,
    "?????B6(mg)": 0.5621192842721939,
    "?????B12(??g)": 60.14754758775234,
    "?????C(mg)": 567.232763068676,
    "?????D(??g)": 0.0,
    "?????E(mg)": 0.0248699352145195,
    "?????K(??g)": 0.04102049797773361,
    "??(mg)": 117.04101674139498,
    "??(??g)": 0.16598656713962556,
    "?(mg)": 110.3204651415348
  },
  "full_result": {
    "dish_name": "炒青菜",
    "confidence": 0.15853120386600494,
    "top3_predictions": [
      {
        "name": "炒青菜",
        "confidence": 0.15853120386600494
      },
      {
        "name": "肠粉",
        "confidence": 0.06732012331485748
      },
      {
        "name": "冰激凌",
        "confidence": 0.0618511438369751
      }
    ],
    "nutrients": {
      "????(kcal)": 84.40947787880899,
      "??????(g)": 2.9832251250743864,
      "???(g)": 297.09327002227303,
      "????????(g)": 1.8750908768177035,
      "?????A(??g)": 9.920704942941667,
      "?????B1(mg)": 0.10008881211280823,
      "?????B2(mg)": 7.349693725705147,
      "?????B6(mg)": 0.5621192842721939,
      "?????B12(??g)": 60.14754758775234,
      "?????C(mg)": 567.232763068676,
      "?????D(??g)": 0.0,
      "?????E(mg)": 0.0248699352145195,
      "?????K(??g)": 0.04102049797773361,
      "??(mg)": 117.04101674139498,
      "??(??g)": 0.16598656713962556,
      "?(mg)": 110.3204651415348
    }
  }
}