{
  "timestamp": "20250814_192139",
  "datetime": "2025-08-14 19:21:39",
  "photo_path": "photos/20250814_192139.jpg",
  "dish_name": "芝士虾球",
  "confidence": 0.5322760939598083,
  "nutrients": {
    "????(kcal)": 66.72396824423224,
    "??????(g)": 9.83361244417727,
    "???(g)": 736.5398897196352,
    "????????(g)": 12.888751581013203,
    "?????A(??g)": 8.978690707869829,
    "?????B1(mg)": 0.1434536199271679,
    "?????B2(mg)": 218.37502582013607,
    "?????B6(mg)": 1.860634133592248,
    "?????B12(??g)": 82.48054620493203,
    "?????C(mg)": 262.8112068931386,
    "?????D(??g)": 5.105898537635803,
    "?????E(mg)": 0.07157307643443346,
    "?????K(??g)": 0.12425387397408484,
    "??(mg)": 389.0994410317019,
    "??(??g)": 2.3018880181759593,
    "?(mg)": 195.87784656815234
  },
  "full_result": {
    "dish_name": "芝士虾球",
    "confidence": 0.5322760939598083,
    "top3_predictions": [
      {
        "name": "芝士虾球",
        "confidence": 0.5322760939598083
      },
      {
        "name": "咕噜肉",
        "confidence": 0.20046406984329224
      },
      {
        "name": "蒜蓉虾尾",
        "confidence": 0.026180073618888855
      }
    ],
    "nutrients": {
      "????(kcal)": 66.72396824423224,
      "??????(g)": 9.83361244417727,
      "???(g)": 736.5398897196352,
      "????????(g)": 12.888751581013203,
      "?????A(??g)": 8.978690707869829,
      "?????B1(mg)": 0.1434536199271679,
      "?????B2(mg)": 218.37502582013607,
      "?????B6(mg)": 1.860634133592248,
      "?????B12(??g)": 82.48054620493203,
      "?????C(mg)": 262.8112068931386,
      "?????D(??g)": 5.105898537635803,
      "?????E(mg)": 0.07157307643443346,
      "?????K(??g)": 0.12425387397408484,
      "??(mg)": 389.0994410317019,
      "??(??g)": 2.3018880181759593,
      "?(mg)": 195.87784656815234
    }
  }
}