{
  "timestamp": "20250815_105030",
  "datetime": "2025-08-15 10:50:30",
  "photo_path": "photos/20250815_105030.jpg",
  "dish_name": "宫保鸡丁",
  "confidence": 0.3447108566761017,
  "nutrients": {
    "????(kcal)": 75.99952066257596,
    "??????(g)": 5.730910523831843,
    "???(g)": 490.99092357814317,
    "????????(g)": 9.54938155055046,
    "?????A(??g)": 7.159480942040682,
    "?????B1(mg)": 0.13959029972553255,
    "?????B2(mg)": 173.29084613204003,
    "?????B6(mg)": 1.5197599604725838,
    "?????B12(??g)": 70.50361924842,
    "?????C(mg)": 275.6020575003326,
    "?????D(??g)": 3.9631276893615723,
    "?????E(mg)": 0.024120392352342604,
    "?????K(??g)": 0.07929667472839355,
    "??(mg)": 270.8126164670289,
    "??(??g)": 1.9013499000668526,
    "?(mg)": 180.00259070187806
  },
  "full_result": {
    "dish_name": "宫保鸡丁",
    "confidence": 0.3447108566761017,
    "top3_predictions": [
      {
        "name": "宫保鸡丁",
        "confidence": 0.3447108566761017
      },
      {
        "name": "红烧肉",
        "confidence": 0.20469669997692108
      },
      {
        "name": "蒜蓉虾尾",
        "confidence": 0.0838032066822052
      }
    ],
    "nutrients": {
      "????(kcal)": 75.99952066257596,
      "??????(g)": 5.730910523831843,
      "???(g)": 490.99092357814317,
      "????????(g)": 9.54938155055046,
      "?????A(??g)": 7.159480942040682,
      "?????B1(mg)": 0.13959029972553255,
      "?????B2(mg)": 173.29084613204003,
      "?????B6(mg)": 1.5197599604725838,
      "?????B12(??g)": 70.50361924842,
      "?????C(mg)": 275.6020575003326,
      "?????D(??g)": 3.9631276893615723,
      "?????E(mg)": 0.024120392352342604,
      "?????K(??g)": 0.07929667472839355,
      "??(mg)": 270.8126164670289,
      "??(??g)": 1.9013499000668526,
      "?(mg)": 180.00259070187806
    }
  }
}