{
  "timestamp": "20250721_165713",
  "datetime": "2025-07-21 16:57:13",
  "photo_path": "photos/20250721_165712.jpg",
  "dish_name": "冰激凌",
  "confidence": 0.3956616520881653,
  "nutrients": {
    "??(kcal)": 49.28724646564574,
    "???(g)": 64.62831490736455,
    "??(g)": 72.03471322383731,
    "?????(g)": 143.79482598189264,
    "????(g)": 55.19148960776627,
    "???A(?g)": 100.56399577304722,
    "???B1(mg)": 41.658169263564055,
    "???B2(mg)": 55.593002105392515,
    "???B6(mg)": 162.79495641004294,
    "???B12(?g)": 81.60684401482344,
    "???C(mg)": 159.33462198141962,
    "???D(?g)": 58.38109440341592,
    "???E(mg)": 129.40927354961633,
    "???K(?g)": 111.12951180018484,
    "?(mg)": 93.31957875594496,
    "?(?g)": 62.2050971506536
  },
  "full_result": {
    "dish_name": "冰激凌",
    "confidence": 0.3956616520881653,
    "top3_predictions": [
      {
        "name": "冰激凌",
        "confidence": 0.3956616520881653
      },
      {
        "name": "蛋糕",
        "confidence": 0.1553504317998886
      },
      {
        "name": "紫菜包饭",
        "confidence": 0.027061136439442635
      }
    ],
    "nutrients": {
      "??(kcal)": 49.28724646564574,
      "???(g)": 64.62831490736455,
      "??(g)": 72.03471322383731,
      "?????(g)": 143.79482598189264,
      "????(g)": 55.19148960776627,
      "???A(?g)": 100.56399577304722,
      "???B1(mg)": 41.658169263564055,
      "???B2(mg)": 55.593002105392515,
      "???B6(mg)": 162.79495641004294,
      "???B12(?g)": 81.60684401482344,
      "???C(mg)": 159.33462198141962,
      "???D(?g)": 58.38109440341592,
      "???E(mg)": 129.40927354961633,
      "???K(?g)": 111.12951180018484,
      "?(mg)": 93.31957875594496,
      "?(?g)": 62.2050971506536
    }
  }
}