{
  "timestamp": "20250814_194120",
  "datetime": "2025-08-14 19:41:20",
  "photo_path": "photos/20250814_194120.jpg",
  "dish_name": "宫保鸡丁",
  "confidence": 0.41542771458625793,
  "nutrients": {
    "????(kcal)": 67.74220849402248,
    "??????(g)": 9.1311309825629,
    "???(g)": 704.1156294246764,
    "????????(g)": 12.108895998448133,
    "?????A(??g)": 9.403226191699504,
    "?????B1(mg)": 0.1699249940365553,
    "?????B2(mg)": 250.28880959749225,
    "?????B6(mg)": 1.975149607732892,
    "?????B12(??g)": 93.49132792122663,
    "?????C(mg)": 256.72146216481923,
    "?????D(??g)": 8.519272041022777,
    "?????E(mg)": 0.0494712258130312,
    "?????K(??g)": 0.12042777948081494,
    "??(mg)": 329.36935593292117,
    "??(??g)": 2.2633799475431444,
    "?(mg)": 184.6185174740851
  },
  "full_result": {
    "dish_name": "宫保鸡丁",
    "confidence": 0.41542771458625793,
    "top3_predictions": [
      {
        "name": "宫保鸡丁",
        "confidence": 0.41542771458625793
      },
      {
        "name": "糖醋里脊",
        "confidence": 0.059056706726551056
      },
      {
        "name": "拔丝山药",
        "confidence": 0.04112980514764786
      }
    ],
    "nutrients": {
      "????(kcal)": 67.74220849402248,
      "??????(g)": 9.1311309825629,
      "???(g)": 704.1156294246764,
      "????????(g)": 12.108895998448133,
      "?????A(??g)": 9.403226191699504,
      "?????B1(mg)": 0.1699249940365553,
      "?????B2(mg)": 250.28880959749225,
      "?????B6(mg)": 1.975149607732892,
      "?????B12(??g)": 93.49132792122663,
      "?????C(mg)": 256.72146216481923,
      "?????D(??g)": 8.519272041022777,
      "?????E(mg)": 0.0494712258130312,
      "?????K(??g)": 0.12042777948081494,
      "??(mg)": 329.36935593292117,
      "??(??g)": 2.2633799475431444,
      "?(mg)": 184.6185174740851
    }
  }
}