{
  "timestamp": "20250815_110120",
  "datetime": "2025-08-15 11:01:20",
  "photo_path": "photos/20250815_110120.jpg",
  "dish_name": "红烧肉",
  "confidence": 0.26545751094818115,
  "nutrients": {
    "????(kcal)": 81.43406241893769,
    "??????(g)": 3.6968251368403435,
    "???(g)": 365.5846039304137,
    "????????(g)": 4.412922824025154,
    "?????A(??g)": 9.61086249500513,
    "?????B1(mg)": 0.034312123358249666,
    "?????B2(mg)": 77.90435638785362,
    "?????B6(mg)": 0.7992472806572914,
    "?????B12(??g)": 54.3439388692379,
    "?????C(mg)": 268.2997667184472,
    "?????D(??g)": 1.9214789080619812,
    "?????E(mg)": 0.020683620274066925,
    "?????K(??g)": 0.04558427840471268,
    "??(mg)": 105.00309447854758,
    "??(??g)": 0.8240026554465294,
    "?(mg)": 137.7075600901246
  },
  "full_result": {
    "dish_name": "红烧肉",
    "confidence": 0.26545751094818115,
    "top3_predictions": [
      {
        "name": "红烧肉",
        "confidence": 0.26545751094818115
      },
      {
        "name": "宫保鸡丁",
        "confidence": 0.12963345646858215
      },
      {
        "name": "冰激凌",
        "confidence": 0.09605757147073746
      }
    ],
    "nutrients": {
      "????(kcal)": 81.43406241893769,
      "??????(g)": 3.6968251368403435,
      "???(g)": 365.5846039304137,
      "????????(g)": 4.412922824025154,
      "?????A(??g)": 9.61086249500513,
      "?????B1(mg)": 0.034312123358249666,
      "?????B2(mg)": 77.90435638785362,
      "?????B6(mg)": 0.7992472806572914,
      "?????B12(??g)": 54.3439388692379,
      "?????C(mg)": 268.2997667184472,
      "?????D(??g)": 1.9214789080619812,
      "?????E(mg)": 0.020683620274066925,
      "?????K(??g)": 0.04558427840471268,
      "??(mg)": 105.00309447854758,
      "??(??g)": 0.8240026554465294,
      "?(mg)": 137.7075600901246
    }
  }
}