{
  "timestamp": "20250814_194936",
  "datetime": "2025-08-14 19:49:36",
  "photo_path": "photos/20250814_194936.jpg",
  "dish_name": "油条",
  "confidence": 0.2712203562259674,
  "nutrients": {
    "????(kcal)": 44.890210490077735,
    "??????(g)": 13.735384224951268,
    "???(g)": 1172.0643287430703,
    "????????(g)": 9.737521584779024,
    "?????A(??g)": 29.63608319044113,
    "?????B1(mg)": 0.5424567511677743,
    "?????B2(mg)": 110.92693386912346,
    "?????B6(mg)": 2.2941574285924435,
    "?????B12(??g)": 41.452624611407515,
    "?????C(mg)": 126.08491290584206,
    "?????D(??g)": 6.094079080969095,
    "?????E(mg)": 0.04745641857385635,
    "?????K(??g)": 0.09875479981303216,
    "??(mg)": 457.23139768734575,
    "??(??g)": 2.397343869209289,
    "?(mg)": 221.2272778339684
  },
  "full_result": {
    "dish_name": "油条",
    "confidence": 0.2712203562259674,
    "top3_predictions": [
      {
        "name": "油条",
        "confidence": 0.2712203562259674
      },
      {
        "name": "宫保鸡丁",
        "confidence": 0.16421370208263397
      },
      {
        "name": "糖醋里脊",
        "confidence": 0.08538886904716492
      }
    ],
    "nutrients": {
      "????(kcal)": 44.890210490077735,
      "??????(g)": 13.735384224951268,
      "???(g)": 1172.0643287430703,
      "????????(g)": 9.737521584779024,
      "?????A(??g)": 29.63608319044113,
      "?????B1(mg)": 0.5424567511677743,
      "?????B2(mg)": 110.92693386912346,
      "?????B6(mg)": 2.2941574285924435,
      "?????B12(??g)": 41.452624611407515,
      "?????C(mg)": 126.08491290584206,
      "?????D(??g)": 6.094079080969095,
      "?????E(mg)": 0.04745641857385635,
      "?????K(??g)": 0.09875479981303216,
      "??(mg)": 457.23139768734575,
      "??(??g)": 2.397343869209289,
      "?(mg)": 221.2272778339684
    }
  }
}