{
  "timestamp": "20250815_104951",
  "datetime": "2025-08-15 10:49:51",
  "photo_path": "photos/20250815_104951.jpg",
  "dish_name": "红烧肉",
  "confidence": 0.31749841570854187,
  "nutrients": {
    "????(kcal)": 80.34769460201264,
    "??????(g)": 4.100576446950436,
    "???(g)": 390.04361834019426,
    "????????(g)": 6.029139258265495,
    "?????A(??g)": 8.497000384032726,
    "?????B1(mg)": 0.05526097744703293,
    "?????B2(mg)": 94.61542606830596,
    "?????B6(mg)": 1.0165219882130623,
    "?????B12(??g)": 49.756574249863625,
    "?????C(mg)": 267.88340807348493,
    "?????D(??g)": 4.653945676088334,
    "?????E(mg)": 0.0229047879576683,
    "?????K(??g)": 0.05652327984571458,
    "??(mg)": 141.1577940312028,
    "??(??g)": 1.0988515362143516,
    "?(mg)": 174.18324494212862
  },
  "full_result": {
    "dish_name": "红烧肉",
    "confidence": 0.31749841570854187,
    "top3_predictions": [
      {
        "name": "红烧肉",
        "confidence": 0.31749841570854187
      },
      {
        "name": "宫保鸡丁",
        "confidence": 0.17904916405677795
      },
      {
        "name": "菊花鱼",
        "confidence": 0.11984548717737198
      }
    ],
    "nutrients": {
      "????(kcal)": 80.34769460201264,
      "??????(g)": 4.100576446950436,
      "???(g)": 390.04361834019426,
      "????????(g)": 6.029139258265495,
      "?????A(??g)": 8.497000384032726,
      "?????B1(mg)": 0.05526097744703293,
      "?????B2(mg)": 94.61542606830596,
      "?????B6(mg)": 1.0165219882130623,
      "?????B12(??g)": 49.756574249863625,
      "?????C(mg)": 267.88340807348493,
      "?????D(??g)": 4.653945676088334,
      "?????E(mg)": 0.0229047879576683,
      "?????K(??g)": 0.05652327984571458,
      "??(mg)": 141.1577940312028,
      "??(??g)": 1.0988515362143516,
      "?(mg)": 174.18324494212862
    }
  }
}