{
  "timestamp": "20250722_163859",
  "datetime": "2025-07-22 16:38:59",
  "photo_path": "photos/20250722_163858.jpg",
  "dish_name": "饼干",
  "confidence": 0.40712907910346985,
  "nutrients": {
    "????(kcal)": 12.866265326738358,
    "??????(g)": 16.515770816802977,
    "???(g)": 1799.1914896279573,
    "????????(g)": 7.873177802562713,
    "?????A(??g)": 61.610366287827496,
    "?????B1(mg)": 0.5367549747228623,
    "?????B2(mg)": 67.0373712927103,
    "?????B6(mg)": 0.7513435870409012,
    "?????B12(??g)": 66.6945629030466,
    "?????C(mg)": 51.906704902648926,
    "?????D(??g)": 50.876657938957216,
    "?????E(mg)": 0.08148346781730652,
    "?????K(??g)": 0.05127671957015992,
    "??(mg)": 191.36738579273222,
    "??(??g)": 0.3765667170286179,
    "?(mg)": 89.42504761517048,
    "п(mg)": 55.247759491205215
  },
  "full_result": {
    "dish_name": "饼干",
    "confidence": 0.40712907910346985,
    "top3_predictions": [
      {
        "name": "饼干",
        "confidence": 0.40712907910346985
      },
      {
        "name": "曲奇饼干",
        "confidence": 0.16241347789764404
      },
      {
        "name": "馒头",
        "confidence": 0.057935647666454315
      }
    ],
    "nutrients": {
      "????(kcal)": 12.866265326738358,
      "??????(g)": 16.515770816802977,
      "???(g)": 1799.1914896279573,
      "????????(g)": 7.873177802562713,
      "?????A(??g)": 61.610366287827496,
      "?????B1(mg)": 0.5367549747228623,
      "?????B2(mg)": 67.0373712927103,
      "?????B6(mg)": 0.7513435870409012,
      "?????B12(??g)": 66.6945629030466,
      "?????C(mg)": 51.906704902648926,
      "?????D(??g)": 50.876657938957216,
      "?????E(mg)": 0.08148346781730652,
      "?????K(??g)": 0.05127671957015992,
      "??(mg)": 191.36738579273222,
      "??(??g)": 0.3765667170286179,
      "?(mg)": 89.42504761517048,
      "п(mg)": 55.247759491205215
    }
  }
}